run,cfg,lr,wd,bs,acc,prec,rec
0,run0_lr0.001_wd0.0001_bs256,0.001,0.0001,256,0.99822,0.3488372093023256,0.9
