run,cfg,lr,wd,bs,acc,prec,rec
0,run0_lr0.001_wd0.0001_bs256,0.001,0.0001,256,0.998905,0.4755784061696658,0.925
1,run1_lr0.001_wd0.0001_bs512,0.001,0.0001,512,0.99911,0.5310734463276836,0.94
